<?xml version="1.0" standalone="yes"?>
<DocumentElement>
  <FileFiltersConfig>
    <ID>1</ID>
    <Enabled>true</Enabled>
    <FileFilter>*.0x0</FileFilter>
    <ObjectType>File</ObjectType>
  </FileFiltersConfig>
  <FileFiltersConfig>
    <ID>2</ID>
    <Enabled>true</Enabled>
    <FileFilter>*.1999</FileFilter>
    <ObjectType>File</ObjectType>
  </FileFiltersConfig>
  <FileFiltersConfig>
    <ID>3</ID>
    <Enabled>true</Enabled>
    <FileFilter>*.73i87A</FileFilter>
    <ObjectType>File</ObjectType>
  </FileFiltersConfig>
  <FileFiltersConfig>
    <ID>4</ID>
    <Enabled>true</Enabled>
    <FileFilter>*.7z.encrypted</FileFilter>
    <ObjectType>File</ObjectType>
  </FileFiltersConfig>
  <FileFiltersConfig>
    <ID>5</ID>
    <Enabled>true</Enabled>
    <FileFilter>*.aaa</FileFilter>
    <ObjectType>File</ObjectType>
  </FileFiltersConfig>
  <FileFiltersConfig>
    <ID>6</ID>
    <Enabled>true</Enabled>
    <FileFilter>*.abc</FileFilter>
    <ObjectType>File</ObjectType>
  </FileFiltersConfig>
  <FileFiltersConfig>
    <ID>7</ID>
    <Enabled>true</Enabled>
    <FileFilter>*.bleep</FileFilter>
    <ObjectType>File</ObjectType>
  </FileFiltersConfig>
  <FileFiltersConfig>
    <ID>8</ID>
    <Enabled>true</Enabled>
    <FileFilter>*.ccc</FileFilter>
    <ObjectType>File</ObjectType>
  </FileFiltersConfig>
  <FileFiltersConfig>
    <ID>9</ID>
    <Enabled>true</Enabled>
    <FileFilter>*.cerber</FileFilter>
    <ObjectType>File</ObjectType>
  </FileFiltersConfig>
  <FileFiltersConfig>
    <ID>10</ID>
    <Enabled>true</Enabled>
    <FileFilter>*.crinf</FileFilter>
    <ObjectType>File</ObjectType>
  </FileFiltersConfig>
  <FileFiltersConfig>
    <ID>11</ID>
    <Enabled>true</Enabled>
    <FileFilter>*.crjoker</FileFilter>
    <ObjectType>File</ObjectType>
  </FileFiltersConfig>
  <FileFiltersConfig>
    <ID>12</ID>
    <Enabled>true</Enabled>
    <FileFilter>*.crypt</FileFilter>
    <ObjectType>File</ObjectType>
  </FileFiltersConfig>
  <FileFiltersConfig>
    <ID>13</ID>
    <Enabled>true</Enabled>
    <FileFilter>*.crypto</FileFilter>
    <ObjectType>File</ObjectType>
  </FileFiltersConfig>
  <FileFiltersConfig>
    <ID>14</ID>
    <Enabled>true</Enabled>
    <FileFilter>*.cryptolocker</FileFilter>
    <ObjectType>File</ObjectType>
  </FileFiltersConfig>
  <FileFiltersConfig>
    <ID>15</ID>
    <Enabled>true</Enabled>
    <FileFilter>*.crysis</FileFilter>
    <ObjectType>File</ObjectType>
  </FileFiltersConfig>
  <FileFiltersConfig>
    <ID>16</ID>
    <Enabled>true</Enabled>
    <FileFilter>*.ctb2</FileFilter>
    <ObjectType>File</ObjectType>
  </FileFiltersConfig>
  <FileFiltersConfig>
    <ID>17</ID>
    <Enabled>true</Enabled>
    <FileFilter>*.ctbl</FileFilter>
    <ObjectType>File</ObjectType>
  </FileFiltersConfig>
  <FileFiltersConfig>
    <ID>18</ID>
    <Enabled>true</Enabled>
    <FileFilter>*.cwgoqia</FileFilter>
    <ObjectType>File</ObjectType>
  </FileFiltersConfig>
  <FileFiltersConfig>
    <ID>19</ID>
    <Enabled>true</Enabled>
    <FileFilter>*.ecc</FileFilter>
    <ObjectType>File</ObjectType>
  </FileFiltersConfig>
  <FileFiltersConfig>
    <ID>20</ID>
    <Enabled>true</Enabled>
    <FileFilter>*.enc</FileFilter>
    <ExcludeFiles>DellInst.enc;</ExcludeFiles>
    <ObjectType>File</ObjectType>
  </FileFiltersConfig>
  <FileFiltersConfig>
    <ID>21</ID>
    <Enabled>true</Enabled>
    <FileFilter>*.EnCiPhErEd</FileFilter>
    <ObjectType>File</ObjectType>
  </FileFiltersConfig>
  <FileFiltersConfig>
    <ID>22</ID>
    <Enabled>true</Enabled>
    <FileFilter>*.encrypted</FileFilter>
    <ObjectType>File</ObjectType>
  </FileFiltersConfig>
  <FileFiltersConfig>
    <ID>23</ID>
    <Enabled>true</Enabled>
    <FileFilter>*.encryptedRSA</FileFilter>
    <ObjectType>File</ObjectType>
  </FileFiltersConfig>
  <FileFiltersConfig>
    <ID>24</ID>
    <Enabled>true</Enabled>
    <FileFilter>*.exx</FileFilter>
    <ObjectType>File</ObjectType>
  </FileFiltersConfig>
  <FileFiltersConfig>
    <ID>25</ID>
    <Enabled>true</Enabled>
    <FileFilter>*.ezz</FileFilter>
    <ObjectType>File</ObjectType>
  </FileFiltersConfig>
  <FileFiltersConfig>
    <ID>26</ID>
    <Enabled>true</Enabled>
    <FileFilter>*.frtrss</FileFilter>
    <ObjectType>File</ObjectType>
  </FileFiltersConfig>
  <FileFiltersConfig>
    <ID>27</ID>
    <Enabled>true</Enabled>
    <FileFilter>*.good</FileFilter>
    <ObjectType>File</ObjectType>
  </FileFiltersConfig>
  <FileFiltersConfig>
    <ID>28</ID>
    <Enabled>true</Enabled>
    <FileFilter>*.HA3</FileFilter>
    <ObjectType>File</ObjectType>
  </FileFiltersConfig>
  <FileFiltersConfig>
    <ID>29</ID>
    <Enabled>true</Enabled>
    <FileFilter>*.JUST</FileFilter>
    <ObjectType>File</ObjectType>
  </FileFiltersConfig>
  <FileFiltersConfig>
    <ID>30</ID>
    <Enabled>true</Enabled>
    <FileFilter>*.k2p</FileFilter>
    <ObjectType>File</ObjectType>
  </FileFiltersConfig>
  <FileFiltersConfig>
    <ID>31</ID>
    <Enabled>true</Enabled>
    <FileFilter>*.keybtc@inbox_com</FileFilter>
    <ObjectType>File</ObjectType>
  </FileFiltersConfig>
  <FileFiltersConfig>
    <ID>32</ID>
    <Enabled>true</Enabled>
    <FileFilter>*.krypted</FileFilter>
    <ObjectType>File</ObjectType>
  </FileFiltersConfig>
  <FileFiltersConfig>
    <ID>33</ID>
    <Enabled>true</Enabled>
    <FileFilter>*.lechiffre</FileFilter>
    <ObjectType>File</ObjectType>
  </FileFiltersConfig>
  <FileFiltersConfig>
    <ID>34</ID>
    <Enabled>true</Enabled>
    <FileFilter>*.locked</FileFilter>
    <ObjectType>File</ObjectType>
  </FileFiltersConfig>
  <FileFiltersConfig>
    <ID>35</ID>
    <Enabled>true</Enabled>
    <FileFilter>*.locky</FileFilter>
    <ObjectType>File</ObjectType>
  </FileFiltersConfig>
  <FileFiltersConfig>
    <ID>36</ID>
    <Enabled>true</Enabled>
    <FileFilter>*.lol!</FileFilter>
    <ObjectType>File</ObjectType>
  </FileFiltersConfig>
  <FileFiltersConfig>
    <ID>37</ID>
    <Enabled>true</Enabled>
    <FileFilter>*.magic</FileFilter>
    <ObjectType>File</ObjectType>
  </FileFiltersConfig>
  <FileFiltersConfig>
    <ID>38</ID>
    <Enabled>true</Enabled>
    <FileFilter>*.micro</FileFilter>
    <ObjectType>File</ObjectType>
  </FileFiltersConfig>
  <FileFiltersConfig>
    <ID>39</ID>
    <Enabled>true</Enabled>
    <FileFilter>*.omg!</FileFilter>
    <ObjectType>File</ObjectType>
  </FileFiltersConfig>
  <FileFiltersConfig>
    <ID>40</ID>
    <Enabled>true</Enabled>
    <FileFilter>*.p5tkjw</FileFilter>
    <ObjectType>File</ObjectType>
  </FileFiltersConfig>
  <FileFiltersConfig>
    <ID>41</ID>
    <Enabled>true</Enabled>
    <FileFilter>*.pzdc</FileFilter>
    <ObjectType>File</ObjectType>
  </FileFiltersConfig>
  <FileFiltersConfig>
    <ID>42</ID>
    <Enabled>true</Enabled>
    <FileFilter>*.R16M01D05</FileFilter>
    <ObjectType>File</ObjectType>
  </FileFiltersConfig>
  <FileFiltersConfig>
    <ID>43</ID>
    <Enabled>true</Enabled>
    <FileFilter>*.r5a</FileFilter>
    <ObjectType>File</ObjectType>
  </FileFiltersConfig>
  <FileFiltersConfig>
    <ID>44</ID>
    <Enabled>true</Enabled>
    <FileFilter>*.rrk</FileFilter>
    <ObjectType>File</ObjectType>
  </FileFiltersConfig>
  <FileFiltersConfig>
    <ID>45</ID>
    <Enabled>true</Enabled>
    <FileFilter>*.sanction</FileFilter>
    <ObjectType>File</ObjectType>
  </FileFiltersConfig>
  <FileFiltersConfig>
    <ID>46</ID>
    <Enabled>true</Enabled>
    <FileFilter>*.sport</FileFilter>
    <ObjectType>File</ObjectType>
  </FileFiltersConfig>
  <FileFiltersConfig>
    <ID>47</ID>
    <Enabled>true</Enabled>
    <FileFilter>*.supercrypt</FileFilter>
    <ObjectType>File</ObjectType>
  </FileFiltersConfig>
  <FileFiltersConfig>
    <ID>48</ID>
    <Enabled>true</Enabled>
    <FileFilter>*.toxcrypt</FileFilter>
    <ObjectType>File</ObjectType>
  </FileFiltersConfig>
  <FileFiltersConfig>
    <ID>49</ID>
    <Enabled>true</Enabled>
    <FileFilter>*.trun</FileFilter>
    <ObjectType>File</ObjectType>
  </FileFiltersConfig>
  <FileFiltersConfig>
    <ID>50</ID>
    <Enabled>true</Enabled>
    <FileFilter>*.TTT</FileFilter>
    <ObjectType>File</ObjectType>
  </FileFiltersConfig>
  <FileFiltersConfig>
    <ID>51</ID>
    <Enabled>true</Enabled>
    <FileFilter>*.vault</FileFilter>
    <ObjectType>File</ObjectType>
  </FileFiltersConfig>
  <FileFiltersConfig>
    <ID>52</ID>
    <Enabled>true</Enabled>
    <FileFilter>*.vvv</FileFilter>
    <ObjectType>File</ObjectType>
  </FileFiltersConfig>
  <FileFiltersConfig>
    <ID>53</ID>
    <Enabled>true</Enabled>
    <FileFilter>*.xrtn</FileFilter>
    <ObjectType>File</ObjectType>
  </FileFiltersConfig>
  <FileFiltersConfig>
    <ID>54</ID>
    <Enabled>true</Enabled>
    <FileFilter>*.xtbl</FileFilter>
    <ObjectType>File</ObjectType>
  </FileFiltersConfig>
  <FileFiltersConfig>
    <ID>55</ID>
    <Enabled>true</Enabled>
    <FileFilter>*.xxx</FileFilter>
    <ObjectType>File</ObjectType>
  </FileFiltersConfig>
  <FileFiltersConfig>
    <ID>56</ID>
    <Enabled>true</Enabled>
    <FileFilter>*.xyz</FileFilter>
    <ObjectType>File</ObjectType>
  </FileFiltersConfig>
  <FileFiltersConfig>
    <ID>57</ID>
    <Enabled>true</Enabled>
    <FileFilter>*.YTBL</FileFilter>
    <ObjectType>File</ObjectType>
  </FileFiltersConfig>
  <FileFiltersConfig>
    <ID>58</ID>
    <Enabled>true</Enabled>
    <FileFilter>*_crypt*</FileFilter>
    <ObjectType>File</ObjectType>
  </FileFiltersConfig>
  <FileFiltersConfig>
    <ID>59</ID>
    <Enabled>true</Enabled>
    <FileFilter>*ABOUT FILES*.txt</FileFilter>
    <ObjectType>File</ObjectType>
  </FileFiltersConfig>
  <FileFiltersConfig>
    <ID>60</ID>
    <Enabled>true</Enabled>
    <FileFilter>*ABOUT FILES*.png</FileFilter>
    <ObjectType>File</ObjectType>
  </FileFiltersConfig>
  <FileFiltersConfig>
    <ID>61</ID>
    <Enabled>true</Enabled>
    <FileFilter>*ABOUT FILES*.html</FileFilter>
    <ObjectType>File</ObjectType>
  </FileFiltersConfig>
  <FileFiltersConfig>
    <ID>62</ID>
    <Enabled>true</Enabled>
    <FileFilter>*ABOUT FILES*.lnk</FileFilter>
    <ObjectType>File</ObjectType>
  </FileFiltersConfig>
  <FileFiltersConfig>
    <ID>63</ID>
    <Enabled>true</Enabled>
    <FileFilter>*ABOUT FILES*.bmp</FileFilter>
    <ObjectType>File</ObjectType>
  </FileFiltersConfig>
  <FileFiltersConfig>
    <ID>64</ID>
    <Enabled>true</Enabled>
    <FileFilter>*ABOUT FILES*.jpg</FileFilter>
    <ObjectType>File</ObjectType>
  </FileFiltersConfig>
  <FileFiltersConfig>
    <ID>65</ID>
    <Enabled>true</Enabled>
    <FileFilter>*ABOUT FILES*.rtf</FileFilter>
    <ObjectType>File</ObjectType>
  </FileFiltersConfig>
  <FileFiltersConfig>
    <ID>66</ID>
    <Enabled>true</Enabled>
    <FileFilter>*ABOUT_FILES*.txt</FileFilter>
    <ObjectType>File</ObjectType>
  </FileFiltersConfig>
  <FileFiltersConfig>
    <ID>67</ID>
    <Enabled>true</Enabled>
    <FileFilter>*ABOUT_FILES*.png</FileFilter>
    <ObjectType>File</ObjectType>
  </FileFiltersConfig>
  <FileFiltersConfig>
    <ID>68</ID>
    <Enabled>true</Enabled>
    <FileFilter>*ABOUT_FILES*.html</FileFilter>
    <ObjectType>File</ObjectType>
  </FileFiltersConfig>
  <FileFiltersConfig>
    <ID>69</ID>
    <Enabled>true</Enabled>
    <FileFilter>*ABOUT_FILES*.lnk</FileFilter>
    <ObjectType>File</ObjectType>
  </FileFiltersConfig>
  <FileFiltersConfig>
    <ID>70</ID>
    <Enabled>true</Enabled>
    <FileFilter>*ABOUT_FILES*.bmp</FileFilter>
    <ObjectType>File</ObjectType>
  </FileFiltersConfig>
  <FileFiltersConfig>
    <ID>71</ID>
    <Enabled>true</Enabled>
    <FileFilter>*ABOUT_FILES*.jpg</FileFilter>
    <ObjectType>File</ObjectType>
  </FileFiltersConfig>
  <FileFiltersConfig>
    <ID>72</ID>
    <Enabled>true</Enabled>
    <FileFilter>*ABOUT_FILES*.rtf</FileFilter>
    <ObjectType>File</ObjectType>
  </FileFiltersConfig>
  <FileFiltersConfig>
    <ID>73</ID>
    <Enabled>true</Enabled>
    <FileFilter>*ATTENTION_*.bmp</FileFilter>
    <ObjectType>File</ObjectType>
  </FileFiltersConfig>
  <FileFiltersConfig>
    <ID>74</ID>
    <Enabled>true</Enabled>
    <FileFilter>*ATTENTION_*.html</FileFilter>
    <ObjectType>File</ObjectType>
  </FileFiltersConfig>
  <FileFiltersConfig>
    <ID>75</ID>
    <Enabled>true</Enabled>
    <FileFilter>*ATTENTION_*.jpg</FileFilter>
    <ObjectType>File</ObjectType>
  </FileFiltersConfig>
  <FileFiltersConfig>
    <ID>76</ID>
    <Enabled>true</Enabled>
    <FileFilter>*ATTENTION_*.lnk</FileFilter>
    <ObjectType>File</ObjectType>
  </FileFiltersConfig>
  <FileFiltersConfig>
    <ID>77</ID>
    <Enabled>true</Enabled>
    <FileFilter>*ATTENTION_*.png</FileFilter>
    <ObjectType>File</ObjectType>
  </FileFiltersConfig>
  <FileFiltersConfig>
    <ID>78</ID>
    <Enabled>true</Enabled>
    <FileFilter>*ATTENTION_*.RTF</FileFilter>
    <ObjectType>File</ObjectType>
  </FileFiltersConfig>
  <FileFiltersConfig>
    <ID>79</ID>
    <Enabled>true</Enabled>
    <FileFilter>*ATTENTION_*.txt</FileFilter>
    <ObjectType>File</ObjectType>
  </FileFiltersConfig>
  <FileFiltersConfig>
    <ID>80</ID>
    <Enabled>true</Enabled>
    <FileFilter>*d_e_c_r_y_p_t*.bmp</FileFilter>
    <ObjectType>File</ObjectType>
  </FileFiltersConfig>
  <FileFiltersConfig>
    <ID>81</ID>
    <Enabled>true</Enabled>
    <FileFilter>*d_e_c_r_y_p_t*.html</FileFilter>
    <ObjectType>File</ObjectType>
  </FileFiltersConfig>
  <FileFiltersConfig>
    <ID>82</ID>
    <Enabled>true</Enabled>
    <FileFilter>*d_e_c_r_y_p_t*.jpg</FileFilter>
    <ObjectType>File</ObjectType>
  </FileFiltersConfig>
  <FileFiltersConfig>
    <ID>83</ID>
    <Enabled>true</Enabled>
    <FileFilter>*d_e_c_r_y_p_t*.lnk</FileFilter>
    <ObjectType>File</ObjectType>
  </FileFiltersConfig>
  <FileFiltersConfig>
    <ID>84</ID>
    <Enabled>true</Enabled>
    <FileFilter>*d_e_c_r_y_p_t*.png</FileFilter>
    <ObjectType>File</ObjectType>
  </FileFiltersConfig>
  <FileFiltersConfig>
    <ID>85</ID>
    <Enabled>true</Enabled>
    <FileFilter>*d_e_c_r_y_p_t*.rtf</FileFilter>
    <ObjectType>File</ObjectType>
  </FileFiltersConfig>
  <FileFiltersConfig>
    <ID>86</ID>
    <Enabled>true</Enabled>
    <FileFilter>*d_e_c_r_y_p_t*.txt</FileFilter>
    <ObjectType>File</ObjectType>
  </FileFiltersConfig>
  <FileFiltersConfig>
    <ID>87</ID>
    <Enabled>true</Enabled>
    <FileFilter>*Decrypt*.bmp</FileFilter>
    <ObjectType>File</ObjectType>
  </FileFiltersConfig>
  <FileFiltersConfig>
    <ID>88</ID>
    <Enabled>true</Enabled>
    <FileFilter>*Decrypt*.html</FileFilter>
    <ObjectType>File</ObjectType>
  </FileFiltersConfig>
  <FileFiltersConfig>
    <ID>89</ID>
    <Enabled>true</Enabled>
    <FileFilter>*Decrypt*.lnk</FileFilter>
    <ObjectType>File</ObjectType>
  </FileFiltersConfig>
  <FileFiltersConfig>
    <ID>90</ID>
    <Enabled>true</Enabled>
    <FileFilter>*Decrypt*.png</FileFilter>
    <ObjectType>File</ObjectType>
  </FileFiltersConfig>
  <FileFiltersConfig>
    <ID>91</ID>
    <Enabled>true</Enabled>
    <FileFilter>*Decrypt*.TXT</FileFilter>
    <ObjectType>File</ObjectType>
  </FileFiltersConfig>
  <FileFiltersConfig>
    <ID>92</ID>
    <Enabled>true</Enabled>
    <FileFilter>*Decrypt*.jpg</FileFilter>
    <ObjectType>File</ObjectType>
  </FileFiltersConfig>
  <FileFiltersConfig>
    <ID>93</ID>
    <Enabled>true</Enabled>
    <FileFilter>*Decrypt*.rtf</FileFilter>
    <ObjectType>File</ObjectType>
  </FileFiltersConfig>
  <FileFiltersConfig>
    <ID>94</ID>
    <Enabled>true</Enabled>
    <FileFilter>*DECYPRT*.html</FileFilter>
    <ObjectType>File</ObjectType>
  </FileFiltersConfig>
  <FileFiltersConfig>
    <ID>95</ID>
    <Enabled>true</Enabled>
    <FileFilter>*DECYPRT*.lnk</FileFilter>
    <ObjectType>File</ObjectType>
  </FileFiltersConfig>
  <FileFiltersConfig>
    <ID>96</ID>
    <Enabled>true</Enabled>
    <FileFilter>*DECYPRT*.png</FileFilter>
    <ObjectType>File</ObjectType>
  </FileFiltersConfig>
  <FileFiltersConfig>
    <ID>97</ID>
    <Enabled>true</Enabled>
    <FileFilter>*DECYPRT*.TXT</FileFilter>
    <ObjectType>File</ObjectType>
  </FileFiltersConfig>
  <FileFiltersConfig>
    <ID>98</ID>
    <Enabled>true</Enabled>
    <FileFilter>*DECYPRT*.bmp</FileFilter>
    <ObjectType>File</ObjectType>
  </FileFiltersConfig>
  <FileFiltersConfig>
    <ID>99</ID>
    <Enabled>true</Enabled>
    <FileFilter>*DECYPRT*.jpg</FileFilter>
    <ObjectType>File</ObjectType>
  </FileFiltersConfig>
  <FileFiltersConfig>
    <ID>100</ID>
    <Enabled>true</Enabled>
    <FileFilter>*DECYPRT*.rtf</FileFilter>
    <ObjectType>File</ObjectType>
  </FileFiltersConfig>
  <FileFiltersConfig>
    <ID>101</ID>
    <Enabled>true</Enabled>
    <FileFilter>*H_e_l_p*.bmp</FileFilter>
    <ObjectType>File</ObjectType>
  </FileFiltersConfig>
  <FileFiltersConfig>
    <ID>102</ID>
    <Enabled>true</Enabled>
    <FileFilter>*H_e_l_p*.html</FileFilter>
    <ObjectType>File</ObjectType>
  </FileFiltersConfig>
  <FileFiltersConfig>
    <ID>103</ID>
    <Enabled>true</Enabled>
    <FileFilter>*H_e_l_p*.jpg</FileFilter>
    <ObjectType>File</ObjectType>
  </FileFiltersConfig>
  <FileFiltersConfig>
    <ID>104</ID>
    <Enabled>true</Enabled>
    <FileFilter>*H_e_l_p*.jpg</FileFilter>
    <ObjectType>File</ObjectType>
  </FileFiltersConfig>
  <FileFiltersConfig>
    <ID>105</ID>
    <Enabled>true</Enabled>
    <FileFilter>*H_e_l_p*.lnk</FileFilter>
    <ObjectType>File</ObjectType>
  </FileFiltersConfig>
  <FileFiltersConfig>
    <ID>106</ID>
    <Enabled>true</Enabled>
    <FileFilter>*H_e_l_p*.png</FileFilter>
    <ObjectType>File</ObjectType>
  </FileFiltersConfig>
  <FileFiltersConfig>
    <ID>107</ID>
    <Enabled>true</Enabled>
    <FileFilter>*H_e_l_p*.rtf</FileFilter>
    <ObjectType>File</ObjectType>
  </FileFiltersConfig>
  <FileFiltersConfig>
    <ID>108</ID>
    <Enabled>true</Enabled>
    <FileFilter>*H_e_l_p*.txt</FileFilter>
    <ObjectType>File</ObjectType>
  </FileFiltersConfig>
  <FileFiltersConfig>
    <ID>109</ID>
    <Enabled>true</Enabled>
    <FileFilter>*HELP TO*.txt</FileFilter>
    <ObjectType>File</ObjectType>
  </FileFiltersConfig>
  <FileFiltersConfig>
    <ID>110</ID>
    <Enabled>true</Enabled>
    <FileFilter>*HELP_TO*.txt</FileFilter>
    <ObjectType>File</ObjectType>
  </FileFiltersConfig>
  <FileFiltersConfig>
    <ID>111</ID>
    <Enabled>true</Enabled>
    <FileFilter>*r_e_c_o_v_e_r*.bmp</FileFilter>
    <ObjectType>File</ObjectType>
  </FileFiltersConfig>
  <FileFiltersConfig>
    <ID>112</ID>
    <Enabled>true</Enabled>
    <FileFilter>*r_e_c_o_v_e_r*.html</FileFilter>
    <ObjectType>File</ObjectType>
  </FileFiltersConfig>
  <FileFiltersConfig>
    <ID>113</ID>
    <Enabled>true</Enabled>
    <FileFilter>*r_e_c_o_v_e_r*.jpg</FileFilter>
    <ObjectType>File</ObjectType>
  </FileFiltersConfig>
  <FileFiltersConfig>
    <ID>114</ID>
    <Enabled>true</Enabled>
    <FileFilter>*r_e_c_o_v_e_r*.lnk</FileFilter>
    <ObjectType>File</ObjectType>
  </FileFiltersConfig>
  <FileFiltersConfig>
    <ID>115</ID>
    <Enabled>true</Enabled>
    <FileFilter>*r_e_c_o_v_e_r*.png</FileFilter>
    <ObjectType>File</ObjectType>
  </FileFiltersConfig>
  <FileFiltersConfig>
    <ID>116</ID>
    <Enabled>true</Enabled>
    <FileFilter>*r_e_c_o_v_e_r*.rtf</FileFilter>
    <ObjectType>File</ObjectType>
  </FileFiltersConfig>
  <FileFiltersConfig>
    <ID>117</ID>
    <Enabled>true</Enabled>
    <FileFilter>*r_e_c_o_v_e_r*.txt</FileFilter>
    <ObjectType>File</ObjectType>
  </FileFiltersConfig>
  <FileFiltersConfig>
    <ID>118</ID>
    <Enabled>true</Enabled>
    <FileFilter>*r_e_s_t_o_r_e*.bmp</FileFilter>
    <ObjectType>File</ObjectType>
  </FileFiltersConfig>
  <FileFiltersConfig>
    <ID>119</ID>
    <Enabled>true</Enabled>
    <FileFilter>*r_e_s_t_o_r_e*.html</FileFilter>
    <ObjectType>File</ObjectType>
  </FileFiltersConfig>
  <FileFiltersConfig>
    <ID>120</ID>
    <Enabled>true</Enabled>
    <FileFilter>*r_e_s_t_o_r_e*.jpg</FileFilter>
    <ObjectType>File</ObjectType>
  </FileFiltersConfig>
  <FileFiltersConfig>
    <ID>121</ID>
    <Enabled>true</Enabled>
    <FileFilter>*r_e_s_t_o_r_e*.lnk</FileFilter>
    <ObjectType>File</ObjectType>
  </FileFiltersConfig>
  <FileFiltersConfig>
    <ID>122</ID>
    <Enabled>true</Enabled>
    <FileFilter>*r_e_s_t_o_r_e*.png</FileFilter>
    <ObjectType>File</ObjectType>
  </FileFiltersConfig>
  <FileFiltersConfig>
    <ID>123</ID>
    <Enabled>true</Enabled>
    <FileFilter>*r_e_s_t_o_r_e*.rtf</FileFilter>
    <ObjectType>File</ObjectType>
  </FileFiltersConfig>
  <FileFiltersConfig>
    <ID>124</ID>
    <Enabled>true</Enabled>
    <FileFilter>*r_e_s_t_o_r_e*.txt</FileFilter>
    <ObjectType>File</ObjectType>
  </FileFiltersConfig>
  <FileFiltersConfig>
    <ID>125</ID>
    <Enabled>true</Enabled>
    <FileFilter>*READTHISNOW*.png</FileFilter>
    <ObjectType>File</ObjectType>
  </FileFiltersConfig>
  <FileFiltersConfig>
    <ID>126</ID>
    <Enabled>true</Enabled>
    <FileFilter>*READTHISNOW*.txt</FileFilter>
    <ObjectType>File</ObjectType>
  </FileFiltersConfig>
  <FileFiltersConfig>
    <ID>127</ID>
    <Enabled>true</Enabled>
    <FileFilter>*READY TO PAY*.TXT</FileFilter>
    <ObjectType>File</ObjectType>
  </FileFiltersConfig>
  <FileFiltersConfig>
    <ID>128</ID>
    <Enabled>true</Enabled>
    <FileFilter>*READY_TO_PAY*.TXT</FileFilter>
    <ObjectType>File</ObjectType>
  </FileFiltersConfig>
  <FileFiltersConfig>
    <ID>129</ID>
    <Enabled>true</Enabled>
    <FileFilter>*READYTOPAY*.TXT</FileFilter>
    <ObjectType>File</ObjectType>
  </FileFiltersConfig>
  <FileFiltersConfig>
    <ID>130</ID>
    <Enabled>true</Enabled>
    <FileFilter>*recover_*.bmp</FileFilter>
    <ObjectType>File</ObjectType>
  </FileFiltersConfig>
  <FileFiltersConfig>
    <ID>131</ID>
    <Enabled>true</Enabled>
    <FileFilter>*recover_*.html</FileFilter>
    <ObjectType>File</ObjectType>
  </FileFiltersConfig>
  <FileFiltersConfig>
    <ID>132</ID>
    <Enabled>true</Enabled>
    <FileFilter>*recover_*.jpg</FileFilter>
    <ObjectType>File</ObjectType>
  </FileFiltersConfig>
  <FileFiltersConfig>
    <ID>133</ID>
    <Enabled>true</Enabled>
    <FileFilter>*recover_*.lnk</FileFilter>
    <ObjectType>File</ObjectType>
  </FileFiltersConfig>
  <FileFiltersConfig>
    <ID>134</ID>
    <Enabled>true</Enabled>
    <FileFilter>*recover_*.png</FileFilter>
    <ObjectType>File</ObjectType>
  </FileFiltersConfig>
  <FileFiltersConfig>
    <ID>135</ID>
    <Enabled>true</Enabled>
    <FileFilter>*recover_*.rtf</FileFilter>
    <ObjectType>File</ObjectType>
  </FileFiltersConfig>
  <FileFiltersConfig>
    <ID>136</ID>
    <Enabled>true</Enabled>
    <FileFilter>*recover_*.txt</FileFilter>
    <ObjectType>File</ObjectType>
  </FileFiltersConfig>
  <FileFiltersConfig>
    <ID>137</ID>
    <Enabled>true</Enabled>
    <FileFilter>*restore_*.bmp</FileFilter>
    <ObjectType>File</ObjectType>
  </FileFiltersConfig>
  <FileFiltersConfig>
    <ID>138</ID>
    <Enabled>true</Enabled>
    <FileFilter>*restore_*.html</FileFilter>
    <ObjectType>File</ObjectType>
  </FileFiltersConfig>
  <FileFiltersConfig>
    <ID>139</ID>
    <Enabled>true</Enabled>
    <FileFilter>*restore_*.lnk</FileFilter>
    <ObjectType>File</ObjectType>
  </FileFiltersConfig>
  <FileFiltersConfig>
    <ID>140</ID>
    <Enabled>true</Enabled>
    <FileFilter>*restore_*.png</FileFilter>
    <ObjectType>File</ObjectType>
  </FileFiltersConfig>
  <FileFiltersConfig>
    <ID>141</ID>
    <Enabled>true</Enabled>
    <FileFilter>*restore_*.rtf</FileFilter>
    <ObjectType>File</ObjectType>
  </FileFiltersConfig>
  <FileFiltersConfig>
    <ID>142</ID>
    <Enabled>true</Enabled>
    <FileFilter>*restore_*.txt</FileFilter>
    <ObjectType>File</ObjectType>
  </FileFiltersConfig>
  <FileFiltersConfig>
    <ID>143</ID>
    <Enabled>true</Enabled>
    <FileFilter>*SAVE FILE*.txt</FileFilter>
    <ObjectType>File</ObjectType>
  </FileFiltersConfig>
  <FileFiltersConfig>
    <ID>144</ID>
    <Enabled>true</Enabled>
    <FileFilter>*SAVE_FILE*.txt</FileFilter>
    <ObjectType>File</ObjectType>
  </FileFiltersConfig>
  <FileFiltersConfig>
    <ID>145</ID>
    <Enabled>true</Enabled>
    <FileFilter>*SECRET*.KEY</FileFilter>
    <ObjectType>File</ObjectType>
  </FileFiltersConfig>
  <FileFiltersConfig>
    <ID>146</ID>
    <Enabled>true</Enabled>
    <FileFilter>*secret_*.txt</FileFilter>
    <ObjectType>File</ObjectType>
  </FileFiltersConfig>
  <FileFiltersConfig>
    <ID>147</ID>
    <Enabled>true</Enabled>
    <FileFilter>*YOUR FILES*.bmp</FileFilter>
    <ObjectType>File</ObjectType>
  </FileFiltersConfig>
  <FileFiltersConfig>
    <ID>148</ID>
    <Enabled>true</Enabled>
    <FileFilter>*YOUR FILES*.html</FileFilter>
    <ObjectType>File</ObjectType>
  </FileFiltersConfig>
  <FileFiltersConfig>
    <ID>149</ID>
    <Enabled>true</Enabled>
    <FileFilter>*YOUR FILES*.png</FileFilter>
    <ObjectType>File</ObjectType>
  </FileFiltersConfig>
  <FileFiltersConfig>
    <ID>150</ID>
    <Enabled>true</Enabled>
    <FileFilter>*YOUR FILES*.rtf</FileFilter>
    <ObjectType>File</ObjectType>
  </FileFiltersConfig>
  <FileFiltersConfig>
    <ID>151</ID>
    <Enabled>true</Enabled>
    <FileFilter>*YOUR FILES*.txt</FileFilter>
    <ObjectType>File</ObjectType>
  </FileFiltersConfig>
  <FileFiltersConfig>
    <ID>152</ID>
    <Enabled>true</Enabled>
    <FileFilter>*YOUR FILES*.url</FileFilter>
    <ObjectType>File</ObjectType>
  </FileFiltersConfig>
  <FileFiltersConfig>
    <ID>153</ID>
    <Enabled>true</Enabled>
    <FileFilter>*YOUR_FILES*.bmp</FileFilter>
    <ObjectType>File</ObjectType>
  </FileFiltersConfig>
  <FileFiltersConfig>
    <ID>154</ID>
    <Enabled>true</Enabled>
    <FileFilter>*YOUR_FILES*.html</FileFilter>
    <ObjectType>File</ObjectType>
  </FileFiltersConfig>
  <FileFiltersConfig>
    <ID>155</ID>
    <Enabled>true</Enabled>
    <FileFilter>*YOUR_FILES*.png</FileFilter>
    <ObjectType>File</ObjectType>
  </FileFiltersConfig>
  <FileFiltersConfig>
    <ID>156</ID>
    <Enabled>true</Enabled>
    <FileFilter>*YOUR_FILES*.txt</FileFilter>
    <ObjectType>File</ObjectType>
  </FileFiltersConfig>
  <FileFiltersConfig>
    <ID>157</ID>
    <Enabled>true</Enabled>
    <FileFilter>*YOUR_FILES*.url</FileFilter>
    <ObjectType>File</ObjectType>
  </FileFiltersConfig>
  <FileFiltersConfig>
    <ID>158</ID>
    <Enabled>true</Enabled>
    <FileFilter>_sq.*</FileFilter>
    <ObjectType>File</ObjectType>
  </FileFiltersConfig>
  <FileFiltersConfig>
    <ID>159</ID>
    <Enabled>true</Enabled>
    <FileFilter>allenc.txt</FileFilter>
    <ObjectType>File</ObjectType>
  </FileFiltersConfig>
  <FileFiltersConfig>
    <ID>160</ID>
    <Enabled>true</Enabled>
    <FileFilter>AllFilesAreLocked*.bmp</FileFilter>
    <ObjectType>File</ObjectType>
  </FileFiltersConfig>
  <FileFiltersConfig>
    <ID>161</ID>
    <Enabled>true</Enabled>
    <FileFilter>BLEEPEDFILES.TXT</FileFilter>
    <ObjectType>File</ObjectType>
  </FileFiltersConfig>
  <FileFiltersConfig>
    <ID>162</ID>
    <Enabled>true</Enabled>
    <FileFilter>Coin.Locker.txt</FileFilter>
    <ObjectType>File</ObjectType>
  </FileFiltersConfig>
  <FileFiltersConfig>
    <ID>163</ID>
    <Enabled>true</Enabled>
    <FileFilter>Decrypt.exe</FileFilter>
    <ObjectType>File</ObjectType>
  </FileFiltersConfig>
  <FileFiltersConfig>
    <ID>164</ID>
    <Enabled>true</Enabled>
    <FileFilter>enc_files.txt</FileFilter>
    <ObjectType>File</ObjectType>
  </FileFiltersConfig>
  <FileFiltersConfig>
    <ID>165</ID>
    <Enabled>true</Enabled>
    <FileFilter>encryptor_raas_readme_liesmich.txt</FileFilter>
    <ObjectType>File</ObjectType>
  </FileFiltersConfig>
  <FileFiltersConfig>
    <ID>166</ID>
    <Enabled>true</Enabled>
    <FileFilter>FILESAREGONE.TXT</FileFilter>
    <ObjectType>File</ObjectType>
  </FileFiltersConfig>
  <FileFiltersConfig>
    <ID>167</ID>
    <Enabled>true</Enabled>
    <FileFilter>HELLOTHERE.txt</FileFilter>
    <ObjectType>File</ObjectType>
  </FileFiltersConfig>
  <FileFiltersConfig>
    <ID>168</ID>
    <Enabled>true</Enabled>
    <FileFilter>help_dec*.html</FileFilter>
    <ObjectType>File</ObjectType>
  </FileFiltersConfig>
  <FileFiltersConfig>
    <ID>169</ID>
    <Enabled>true</Enabled>
    <FileFilter>HELP_DEC*.lnk</FileFilter>
    <ObjectType>File</ObjectType>
  </FileFiltersConfig>
  <FileFiltersConfig>
    <ID>170</ID>
    <Enabled>true</Enabled>
    <FileFilter>HELP_DEC*.PNG</FileFilter>
    <ObjectType>File</ObjectType>
  </FileFiltersConfig>
  <FileFiltersConfig>
    <ID>171</ID>
    <Enabled>true</Enabled>
    <FileFilter>help_dec*.txt</FileFilter>
    <ObjectType>File</ObjectType>
  </FileFiltersConfig>
  <FileFiltersConfig>
    <ID>172</ID>
    <Enabled>true</Enabled>
    <FileFilter>MESSAGE.txt</FileFilter>
    <ObjectType>File</ObjectType>
  </FileFiltersConfig>
  <FileFiltersConfig>
    <ID>173</ID>
    <Enabled>true</Enabled>
    <FileFilter>WHAT IS SQ_.txt</FileFilter>
    <ObjectType>File</ObjectType>
  </FileFiltersConfig>
  <FileFiltersConfig>
    <ID>174</ID>
    <Enabled>true</Enabled>
    <FileFilter>*recovery_*.bmp</FileFilter>
    <ObjectType>File</ObjectType>
  </FileFiltersConfig>
  <FileFiltersConfig>
    <ID>175</ID>
    <Enabled>true</Enabled>
    <FileFilter>*recovery_*.html</FileFilter>
    <ObjectType>File</ObjectType>
  </FileFiltersConfig>
  <FileFiltersConfig>
    <ID>176</ID>
    <Enabled>true</Enabled>
    <FileFilter>*recovery_*.jpg</FileFilter>
    <ObjectType>File</ObjectType>
  </FileFiltersConfig>
  <FileFiltersConfig>
    <ID>177</ID>
    <Enabled>true</Enabled>
    <FileFilter>*recovery_*.lnk</FileFilter>
    <ObjectType>File</ObjectType>
  </FileFiltersConfig>
  <FileFiltersConfig>
    <ID>178</ID>
    <Enabled>true</Enabled>
    <FileFilter>*recovery_*.png</FileFilter>
    <ObjectType>File</ObjectType>
  </FileFiltersConfig>
  <FileFiltersConfig>
    <ID>179</ID>
    <Enabled>true</Enabled>
    <FileFilter>*recovery_*.rtf</FileFilter>
    <ObjectType>File</ObjectType>
  </FileFiltersConfig>
  <FileFiltersConfig>
    <ID>180</ID>
    <Enabled>true</Enabled>
    <FileFilter>*recovery_*.txt</FileFilter>
    <ObjectType>File</ObjectType>
  </FileFiltersConfig>
  <FileFiltersConfig>
    <ID>181</ID>
    <Enabled>true</Enabled>
    <FileFilter>*recovery+*.bmp</FileFilter>
    <ObjectType>File</ObjectType>
  </FileFiltersConfig>
  <FileFiltersConfig>
    <ID>182</ID>
    <Enabled>true</Enabled>
    <FileFilter>*recovery+*.html</FileFilter>
    <ObjectType>File</ObjectType>
  </FileFiltersConfig>
  <FileFiltersConfig>
    <ID>183</ID>
    <Enabled>true</Enabled>
    <FileFilter>*recovery+*.jpg</FileFilter>
    <ObjectType>File</ObjectType>
  </FileFiltersConfig>
  <FileFiltersConfig>
    <ID>184</ID>
    <Enabled>true</Enabled>
    <FileFilter>*recovery+*.lnk</FileFilter>
    <ObjectType>File</ObjectType>
  </FileFiltersConfig>
  <FileFiltersConfig>
    <ID>185</ID>
    <Enabled>true</Enabled>
    <FileFilter>*recovery+*.png</FileFilter>
    <ObjectType>File</ObjectType>
  </FileFiltersConfig>
  <FileFiltersConfig>
    <ID>186</ID>
    <Enabled>true</Enabled>
    <FileFilter>*recovery+*.rtf</FileFilter>
    <ObjectType>File</ObjectType>
  </FileFiltersConfig>
  <FileFiltersConfig>
    <ID>187</ID>
    <Enabled>true</Enabled>
    <FileFilter>*recovery+*.txt</FileFilter>
    <ObjectType>File</ObjectType>
  </FileFiltersConfig>
  <FileFiltersConfig>
    <ID>188</ID>
    <Enabled>true</Enabled>
    <FileFilter>*recover+*.bmp</FileFilter>
    <ObjectType>File</ObjectType>
  </FileFiltersConfig>
  <FileFiltersConfig>
    <ID>189</ID>
    <Enabled>true</Enabled>
    <FileFilter>*recover+*.html</FileFilter>
    <ObjectType>File</ObjectType>
  </FileFiltersConfig>
  <FileFiltersConfig>
    <ID>190</ID>
    <Enabled>true</Enabled>
    <FileFilter>*recover+*.jpg</FileFilter>
    <ObjectType>File</ObjectType>
  </FileFiltersConfig>
  <FileFiltersConfig>
    <ID>191</ID>
    <Enabled>true</Enabled>
    <FileFilter>*recover+*.lnk</FileFilter>
    <ObjectType>File</ObjectType>
  </FileFiltersConfig>
  <FileFiltersConfig>
    <ID>192</ID>
    <Enabled>true</Enabled>
    <FileFilter>*recover+*.png</FileFilter>
    <ObjectType>File</ObjectType>
  </FileFiltersConfig>
  <FileFiltersConfig>
    <ID>193</ID>
    <Enabled>true</Enabled>
    <FileFilter>*recover+*.rtf</FileFilter>
    <ObjectType>File</ObjectType>
  </FileFiltersConfig>
  <FileFiltersConfig>
    <ID>194</ID>
    <Enabled>true</Enabled>
    <FileFilter>*recover+*.txt</FileFilter>
    <ObjectType>File</ObjectType>
  </FileFiltersConfig>
  <FileFiltersConfig>
    <ID>195</ID>
    <Enabled>true</Enabled>
    <FileFilter>help recover files.txt</FileFilter>
    <ObjectType>File</ObjectType>
  </FileFiltersConfig>
  <FileFiltersConfig>
    <ID>196</ID>
    <Enabled>true</Enabled>
    <FileFilter>ATTENTION.RTF</FileFilter>
    <ObjectType>File</ObjectType>
  </FileFiltersConfig>
  <FileFiltersConfig>
    <ID>197</ID>
    <Enabled>true</Enabled>
    <Title />
    <FileFilter>jbossass.jsp</FileFilter>
    <ExcludeFiles />
    <DeleteFilesFound>false</DeleteFilesFound>
    <ObjectType>File</ObjectType>
    <Comment />
  </FileFiltersConfig>
  <FileFiltersConfig>
    <ID>198</ID>
    <Enabled>true</Enabled>
    <Title />
    <FileFilter>jbossass_jsp.class</FileFilter>
    <ExcludeFiles />
    <DeleteFilesFound>false</DeleteFilesFound>
    <ObjectType>File</ObjectType>
    <Comment />
  </FileFiltersConfig>
  <FileFiltersConfig>
    <ID>199</ID>
    <Enabled>true</Enabled>
    <Title />
    <FileFilter>shellinvoker.jsp</FileFilter>
    <ExcludeFiles />
    <DeleteFilesFound>false</DeleteFilesFound>
    <ObjectType>File</ObjectType>
    <Comment />
  </FileFiltersConfig>
  <FileFiltersConfig>
    <ID>200</ID>
    <Enabled>true</Enabled>
    <Title />
    <FileFilter>shellinvoker_jsp.class</FileFilter>
    <ExcludeFiles />
    <DeleteFilesFound>false</DeleteFilesFound>
    <ObjectType>File</ObjectType>
    <Comment />
  </FileFiltersConfig>
  <FileFiltersConfig>
    <ID>201</ID>
    <Enabled>true</Enabled>
    <Title />
    <FileFilter>mela.jsp</FileFilter>
    <ExcludeFiles />
    <DeleteFilesFound>false</DeleteFilesFound>
    <ObjectType>File</ObjectType>
    <Comment />
  </FileFiltersConfig>
  <FileFiltersConfig>
    <ID>202</ID>
    <Enabled>true</Enabled>
    <Title />
    <FileFilter>mela_jsp.class</FileFilter>
    <ExcludeFiles />
    <DeleteFilesFound>false</DeleteFilesFound>
    <ObjectType>File</ObjectType>
    <Comment />
  </FileFiltersConfig>
  <FileFiltersConfig>
    <ID>203</ID>
    <Enabled>true</Enabled>
    <Title />
    <FileFilter>zecmd.jsp</FileFilter>
    <ExcludeFiles />
    <DeleteFilesFound>false</DeleteFilesFound>
    <ObjectType>File</ObjectType>
    <Comment />
  </FileFiltersConfig>
  <FileFiltersConfig>
    <ID>204</ID>
    <Enabled>true</Enabled>
    <Title />
    <FileFilter>zecmd_jsp.class</FileFilter>
    <ExcludeFiles />
    <DeleteFilesFound>false</DeleteFilesFound>
    <ObjectType>File</ObjectType>
    <Comment />
  </FileFiltersConfig>
  <FileFiltersConfig>
    <ID>205</ID>
    <Enabled>true</Enabled>
    <Title />
    <FileFilter>cmd.jsp</FileFilter>
    <ExcludeFiles />
    <DeleteFilesFound>false</DeleteFilesFound>
    <ObjectType>File</ObjectType>
    <Comment />
  </FileFiltersConfig>
  <FileFiltersConfig>
    <ID>206</ID>
    <Enabled>true</Enabled>
    <Title />
    <FileFilter>cmd_jsp.class</FileFilter>
    <ExcludeFiles />
    <DeleteFilesFound>false</DeleteFilesFound>
    <ObjectType>File</ObjectType>
    <Comment />
  </FileFiltersConfig>
  <FileFiltersConfig>
    <ID>207</ID>
    <Enabled>true</Enabled>
    <Title />
    <FileFilter>wstats.jsp</FileFilter>
    <ExcludeFiles />
    <DeleteFilesFound>false</DeleteFilesFound>
    <ObjectType>File</ObjectType>
    <Comment />
  </FileFiltersConfig>
  <FileFiltersConfig>
    <ID>208</ID>
    <Enabled>true</Enabled>
    <Title />
    <FileFilter>wstats_jsp.class</FileFilter>
    <ExcludeFiles />
    <DeleteFilesFound>false</DeleteFilesFound>
    <ObjectType>File</ObjectType>
    <Comment />
  </FileFiltersConfig>
  <FileFiltersConfig>
    <ID>209</ID>
    <Enabled>true</Enabled>
    <Title />
    <FileFilter>idssvc.jsp</FileFilter>
    <ExcludeFiles />
    <DeleteFilesFound>false</DeleteFilesFound>
    <ObjectType>File</ObjectType>
    <Comment />
  </FileFiltersConfig>
  <FileFiltersConfig>
    <ID>210</ID>
    <Enabled>true</Enabled>
    <Title />
    <FileFilter>idssvc_jsp.class</FileFilter>
    <ExcludeFiles />
    <DeleteFilesFound>false</DeleteFilesFound>
    <ObjectType>File</ObjectType>
    <Comment />
  </FileFiltersConfig>
  <FileFiltersConfig>
    <ID>211</ID>
    <Enabled>true</Enabled>
    <Title />
    <FileFilter>iesvc.jsp</FileFilter>
    <ExcludeFiles />
    <DeleteFilesFound>false</DeleteFilesFound>
    <ObjectType>File</ObjectType>
    <Comment />
  </FileFiltersConfig>
  <FileFiltersConfig>
    <ID>212</ID>
    <Enabled>true</Enabled>
    <Title />
    <FileFilter>iesvc_jsp.class</FileFilter>
    <ExcludeFiles />
    <DeleteFilesFound>false</DeleteFilesFound>
    <ObjectType>File</ObjectType>
    <Comment />
  </FileFiltersConfig>
  <FileFiltersConfig>
    <ID>213</ID>
    <Enabled>true</Enabled>
    <Title />
    <FileFilter>*.kkk</FileFilter>
    <ExcludeFiles />
    <DeleteFilesFound>false</DeleteFilesFound>
    <ObjectType>File</ObjectType>
    <Comment />
  </FileFiltersConfig>
  <FileFiltersConfig>
    <ID>214</ID>
    <Enabled>true</Enabled>
    <Title />
    <FileFilter>*.fun</FileFilter>
    <ExcludeFiles />
    <DeleteFilesFound>false</DeleteFilesFound>
    <ObjectType>File</ObjectType>
    <Comment />
  </FileFiltersConfig>
  <FileFiltersConfig>
    <ID>215</ID>
    <Enabled>true</Enabled>
    <Title />
    <FileFilter>*.gws</FileFilter>
    <ExcludeFiles />
    <DeleteFilesFound>false</DeleteFilesFound>
    <ObjectType>File</ObjectType>
    <Comment />
  </FileFiltersConfig>
  <FileFiltersConfig>
    <ID>216</ID>
    <Enabled>true</Enabled>
    <Title />
    <FileFilter>*.btc</FileFilter>
    <ExcludeFiles />
    <DeleteFilesFound>false</DeleteFilesFound>
    <ObjectType>File</ObjectType>
    <Comment />
  </FileFiltersConfig>
  <FileFiltersConfig>
    <ID>217</ID>
    <Enabled>true</Enabled>
    <Title />
    <FileFilter>*.surprise</FileFilter>
    <ExcludeFiles />
    <DeleteFilesFound>false</DeleteFilesFound>
    <ObjectType>File</ObjectType>
    <Comment />
  </FileFiltersConfig>
  <FileFiltersConfig>
    <ID>218</ID>
    <Enabled>true</Enabled>
    <Title />
    <FileFilter>*.rokku</FileFilter>
    <ExcludeFiles />
    <DeleteFilesFound>false</DeleteFilesFound>
    <ObjectType>File</ObjectType>
    <Comment />
  </FileFiltersConfig>
  <FileFiltersConfig>
    <ID>220</ID>
    <Enabled>true</Enabled>
    <Title />
    <FileFilter>*_UNLOCK.HTML</FileFilter>
    <ExcludeFiles />
    <DeleteFilesFound>false</DeleteFilesFound>
    <ObjectType>File</ObjectType>
    <Comment />
  </FileFiltersConfig>
  <FileFiltersConfig>
    <ID>221</ID>
    <Enabled>true</Enabled>
    <Title />
    <FileFilter>*.coverton</FileFilter>
    <ExcludeFiles />
    <DeleteFilesFound>false</DeleteFilesFound>
    <ObjectType>File</ObjectType>
    <Comment />
  </FileFiltersConfig>
  <FileFiltersConfig>
    <ID>222</ID>
    <Enabled>true</Enabled>
    <Title />
    <FileFilter>*.enigma</FileFilter>
    <ExcludeFiles />
    <DeleteFilesFound>false</DeleteFilesFound>
    <ObjectType>File</ObjectType>
    <Comment />
  </FileFiltersConfig>
  <FileFiltersConfig>
    <ID>223</ID>
    <Enabled>true</Enabled>
    <Title />
    <FileFilter>*.czvxce</FileFilter>
    <ExcludeFiles />
    <DeleteFilesFound>false</DeleteFilesFound>
    <ObjectType>File</ObjectType>
    <Comment />
  </FileFiltersConfig>
  <FileFiltersConfig>
    <ID>224</ID>
    <Enabled>true</Enabled>
    <Title />
    <FileFilter>*-WARNING-*.html</FileFilter>
    <ExcludeFiles />
    <DeleteFilesFound>false</DeleteFilesFound>
    <ObjectType>File</ObjectType>
    <Comment />
  </FileFiltersConfig>
  <FileFiltersConfig>
    <ID>225</ID>
    <Enabled>true</Enabled>
    <Title />
    <FileFilter>*-WARNING-*.txt</FileFilter>
    <ExcludeFiles />
    <DeleteFilesFound>false</DeleteFilesFound>
    <ObjectType>File</ObjectType>
    <Comment />
  </FileFiltersConfig>
  <FileFiltersConfig>
    <ID>226</ID>
    <Enabled>true</Enabled>
    <Title />
    <FileFilter>*.crypted</FileFilter>
    <ExcludeFiles />
    <DeleteFilesFound>false</DeleteFilesFound>
    <ObjectType>File</ObjectType>
    <Comment />
  </FileFiltersConfig>
  <FileFiltersConfig>
    <ID>227</ID>
    <Enabled>true</Enabled>
    <Title />
    <FileFilter>*.PoAr2w</FileFilter>
    <ExcludeFiles />
    <DeleteFilesFound>false</DeleteFilesFound>
    <ObjectType>File</ObjectType>
    <Comment />
  </FileFiltersConfig>
  <FileFiltersConfig>
    <ID>228</ID>
    <Enabled>true</Enabled>
    <Title />
    <FileFilter>last_chance.*</FileFilter>
    <ExcludeFiles />
    <DeleteFilesFound>false</DeleteFilesFound>
    <ObjectType>File</ObjectType>
    <Comment />
  </FileFiltersConfig>
  <FileFiltersConfig>
    <ID>229</ID>
    <Enabled>true</Enabled>
    <Title />
    <FileFilter>readme_decrypt*</FileFilter>
    <ExcludeFiles />
    <DeleteFilesFound>false</DeleteFilesFound>
    <ObjectType>File</ObjectType>
    <Comment />
  </FileFiltersConfig>
  <FileFiltersConfig>
    <ID>230</ID>
    <Enabled>true</Enabled>
    <Title />
    <FileFilter>readme_for_decrypt*</FileFilter>
    <ExcludeFiles />
    <DeleteFilesFound>false</DeleteFilesFound>
    <ObjectType>File</ObjectType>
    <Comment />
  </FileFiltersConfig>
  <FileFiltersConfig>
    <ID>231</ID>
    <Enabled>true</Enabled>
    <Title />
    <FileFilter>restore_fi*</FileFilter>
    <ExcludeFiles />
    <DeleteFilesFound>false</DeleteFilesFound>
    <ObjectType>File</ObjectType>
    <Comment />
  </FileFiltersConfig>
  <FileFiltersConfig>
    <ID>232</ID>
    <Enabled>true</Enabled>
    <Title />
    <FileFilter>vault.hta</FileFilter>
    <ExcludeFiles />
    <DeleteFilesFound>false</DeleteFilesFound>
    <ObjectType>File</ObjectType>
    <Comment />
  </FileFiltersConfig>
  <FileFiltersConfig>
    <ID>233</ID>
    <Enabled>true</Enabled>
    <Title />
    <FileFilter>vault.key</FileFilter>
    <ExcludeFiles />
    <DeleteFilesFound>false</DeleteFilesFound>
    <ObjectType>File</ObjectType>
    <Comment />
  </FileFiltersConfig>
  <FileFiltersConfig>
    <ID>234</ID>
    <Enabled>true</Enabled>
    <Title />
    <FileFilter>vault.txt</FileFilter>
    <ExcludeFiles />
    <DeleteFilesFound>false</DeleteFilesFound>
    <ObjectType>File</ObjectType>
    <Comment />
  </FileFiltersConfig>
  <FileFiltersConfig>
    <ID>235</ID>
    <Enabled>true</Enabled>
    <Title />
    <FileFilter>install_tor*</FileFilter>
    <ExcludeFiles />
    <DeleteFilesFound>false</DeleteFilesFound>
    <ObjectType>File</ObjectType>
    <Comment />
  </FileFiltersConfig>
  <FileFiltersConfig>
    <ID>236</ID>
    <Enabled>true</Enabled>
    <Title />
    <FileFilter>instructions_*.png</FileFilter>
    <ExcludeFiles />
    <DeleteFilesFound>false</DeleteFilesFound>
    <ObjectType>File</ObjectType>
    <Comment />
  </FileFiltersConfig>
  <FileFiltersConfig>
    <ID>237</ID>
    <Enabled>true</Enabled>
    <Title />
    <FileFilter>helpdecrypt*</FileFilter>
    <ExcludeFiles />
    <DeleteFilesFound>false</DeleteFilesFound>
    <ObjectType>File</ObjectType>
    <Comment />
  </FileFiltersConfig>
  <FileFiltersConfig>
    <ID>238</ID>
    <Enabled>true</Enabled>
    <Title />
    <FileFilter>djqfu*</FileFilter>
    <ExcludeFiles />
    <DeleteFilesFound>false</DeleteFilesFound>
    <ObjectType>File</ObjectType>
    <Comment />
  </FileFiltersConfig>
  <FileFiltersConfig>
    <ID>239</ID>
    <Enabled>true</Enabled>
    <Title />
    <FileFilter>*ukr.net*</FileFilter>
    <ExcludeFiles />
    <DeleteFilesFound>false</DeleteFilesFound>
    <ObjectType>File</ObjectType>
    <Comment />
  </FileFiltersConfig>
  <FileFiltersConfig>
    <ID>240</ID>
    <Enabled>true</Enabled>
    <Title />
    <FileFilter>*qq_com*</FileFilter>
    <ExcludeFiles />
    <DeleteFilesFound>false</DeleteFilesFound>
    <ObjectType>File</ObjectType>
    <Comment />
  </FileFiltersConfig>
  <FileFiltersConfig>
    <ID>241</ID>
    <Enabled>true</Enabled>
    <Title />
    <FileFilter>*keemail.me*</FileFilter>
    <ExcludeFiles />
    <DeleteFilesFound>false</DeleteFilesFound>
    <ObjectType>File</ObjectType>
    <Comment />
  </FileFiltersConfig>
  <FileFiltersConfig>
    <ID>242</ID>
    <Enabled>true</Enabled>
    <Title />
    <FileFilter>*@india.com*</FileFilter>
    <ExcludeFiles />
    <DeleteFilesFound>false</DeleteFilesFound>
    <ObjectType>File</ObjectType>
    <Comment />
  </FileFiltersConfig>
  <FileFiltersConfig>
    <ID>243</ID>
    <Enabled>true</Enabled>
    <Title />
    <FileFilter>*@gmail_com_*</FileFilter>
    <ExcludeFiles />
    <DeleteFilesFound>false</DeleteFilesFound>
    <ObjectType>File</ObjectType>
    <Comment />
  </FileFiltersConfig>
  <FileFiltersConfig>
    <ID>245</ID>
    <Enabled>true</Enabled>
    <Title />
    <FileFilter>*_UNLOCK.TXT</FileFilter>
    <ExcludeFiles />
    <DeleteFilesFound>false</DeleteFilesFound>
    <ObjectType>File</ObjectType>
    <Comment />
  </FileFiltersConfig>
  <FileFiltersConfig>
    <ID>247</ID>
    <Enabled>true</Enabled>
    <Title />
    <FileFilter>*.gws</FileFilter>
    <ExcludeFiles />
    <DeleteFilesFound>false</DeleteFilesFound>
    <ObjectType>File</ObjectType>
    <Comment />
  </FileFiltersConfig>
  <FileFiltersConfig>
    <ID>249</ID>
    <Enabled>true</Enabled>
    <Title />
    <FileFilter>*obleep</FileFilter>
    <ExcludeFiles />
    <DeleteFilesFound>false</DeleteFilesFound>
    <ObjectType>File</ObjectType>
    <Comment />
  </FileFiltersConfig>
  <FileFiltersConfig>
    <ID>250</ID>
    <Enabled>true</Enabled>
    <Title />
    <FileFilter>*.hydracrypt*</FileFilter>
    <ExcludeFiles />
    <DeleteFilesFound>false</DeleteFilesFound>
    <ObjectType>File</ObjectType>
    <Comment />
  </FileFiltersConfig>
  <FileFiltersConfig>
    <ID>251</ID>
    <Enabled>true</Enabled>
    <Title />
    <FileFilter>*.kb15</FileFilter>
    <ExcludeFiles />
    <DeleteFilesFound>false</DeleteFilesFound>
    <ObjectType>File</ObjectType>
    <Comment />
  </FileFiltersConfig>
  <FileFiltersConfig>
    <ID>252</ID>
    <Enabled>true</Enabled>
    <Title />
    <FileFilter>*.kraken</FileFilter>
    <ExcludeFiles />
    <DeleteFilesFound>false</DeleteFilesFound>
    <ObjectType>File</ObjectType>
    <Comment />
  </FileFiltersConfig>
  <FileFiltersConfig>
    <ID>253</ID>
    <Enabled>true</Enabled>
    <Title />
    <FileFilter>*.nochance</FileFilter>
    <ExcludeFiles />
    <DeleteFilesFound>false</DeleteFilesFound>
    <ObjectType>File</ObjectType>
    <Comment />
  </FileFiltersConfig>
  <FileFiltersConfig>
    <ID>255</ID>
    <Enabled>true</Enabled>
    <Title />
    <FileFilter>*.SPORT</FileFilter>
    <ExcludeFiles />
    <DeleteFilesFound>false</DeleteFilesFound>
    <ObjectType>File</ObjectType>
    <Comment />
  </FileFiltersConfig>
  <FileFiltersConfig>
    <ID>257</ID>
    <Enabled>true</Enabled>
    <Title />
    <FileFilter>*!recover!*.html</FileFilter>
    <ExcludeFiles />
    <DeleteFilesFound>false</DeleteFilesFound>
    <ObjectType>File</ObjectType>
    <Comment />
  </FileFiltersConfig>
  <FileFiltersConfig>
    <ID>258</ID>
    <Enabled>true</Enabled>
    <Title />
    <FileFilter>*!recover!*.png</FileFilter>
    <ExcludeFiles />
    <DeleteFilesFound>false</DeleteFilesFound>
    <ObjectType>File</ObjectType>
    <Comment />
  </FileFiltersConfig>
  <FileFiltersConfig>
    <ID>261</ID>
    <Enabled>true</Enabled>
    <Title />
    <FileFilter>*!recover!*.txt</FileFilter>
    <ExcludeFiles />
    <DeleteFilesFound>false</DeleteFilesFound>
    <ObjectType>File</ObjectType>
    <Comment />
  </FileFiltersConfig>
</DocumentElement>